{"IcoMoonType":"selection","icons":[{"icon":{"paths":["M317.143 869.143c25.143 10.857 52.571 18.286 80 18.286 130.286 0 214.857-52 214.857-191.429 0-35.429-4.571-72.571-23.429-102.857-53.143-85.714-129.714-90.286-221.714-90.286-17.143 0-41.714 0-57.714 5.714 0 60.571-0.571 121.143-0.571 181.143 0 39.429-5.143 146.286 8.571 179.429zM309.143 442.857c20.571 3.429 41.714 4 62.286 4 117.714 0 201.714-33.143 201.714-165.143 0-111.429-98.857-149.714-194.286-149.714-25.143 0-49.714 3.429-74.286 7.429 0 57.714 4.571 115.429 4.571 173.143 0 30.286-0.571 60.571-0.571 90.857 0 13.143 0 26.286 0.571 39.429zM0 950.857l1.143-53.714c36.571-9.143 73.714-9.714 109.143-24.571 20-33.714 17.143-93.143 17.143-131.429 0-12.571 1.143-558.857-12.571-585.714-8.571-16.571-92.571-20.571-111.429-22.857l-2.286-47.429c136-2.286 272-12 407.429-12 25.714 0 52 0.571 77.714 0.571 129.143 0 271.429 61.714 271.429 210.286 0 102.286-77.714 140.571-158.286 177.143 108.571 24.571 205.143 98.286 205.143 218.286 0 196.571-178.857 261.714-346.286 261.714-50.286 0-100.571-3.429-150.857-3.429-102.286 0-205.714 9.143-307.429 13.143z"],"width":804.5714285714286,"attrs":[],"isMulticolor":false,"isMulticolor2":false,"tags":["bold"],"defaultCode":61490,"grid":14},"attrs":[],"properties":{"name":"bold","id":51,"order":10,"prevSize":28,"code":61490},"setIdx":0,"setId":2,"iconIdx":51},{"icon":{"paths":["M0 949.714l9.714-48.571c36.571-11.429 76-16 110.286-33.714 13.143-16.571 19.429-37.714 23.429-57.714 7.429-38.857 132-599.429 130.286-645.143v-14.286c-31.429-17.143-69.714-12.571-104-18.286l10.857-58.857c73.714 3.429 148.571 9.143 222.857 9.143 60.571 0 121.143-5.714 181.714-9.143-2.286 17.143-6.286 34.286-10.857 50.857-39.429 13.714-81.143 20-120 35.429-12.571 30.857-15.429 64.571-21.143 97.143-27.429 148-64 296-94.286 442.857-5.714 27.429-33.714 141.143-31.429 165.143l0.571 10.286c34.857 8 70.286 12 105.714 17.714-1.143 18.857-4.571 37.714-9.143 56.571-12.571 0-24.571 1.714-37.143 1.714-32.571 0-66.286-10.857-98.857-11.429-39.429-0.571-78.857-1.143-117.714-1.143-50.857 0-100.571 8.571-150.857 11.429z"],"width":585.1428571428571,"attrs":[],"isMulticolor":false,"isMulticolor2":false,"tags":["italic"],"defaultCode":61491,"grid":14},"attrs":[],"properties":{"name":"italic","id":52,"order":9,"prevSize":28,"code":61491},"setIdx":0,"setId":2,"iconIdx":52},{"icon":{"paths":["M996.571 804.571c25.143 0 33.143 16 17.714 36l-72 92.571c-15.429 20-40.571 20-56 0l-72-92.571c-15.429-20-7.429-36 17.714-36h45.714v-585.143h-45.714c-25.143 0-33.143-16-17.714-36l72-92.571c15.429-20 40.571-20 56 0l72 92.571c15.429 20 7.429 36-17.714 36h-45.714v585.143h45.714zM46.286 73.714l30.857 15.429c4 1.714 108.571 2.857 120.571 2.857 50.286 0 100.571-2.286 150.857-2.286 41.143 0 81.714 0.571 122.857 0.571h167.429c22.857 0 36 5.143 51.429-16.571l24-0.571c5.143 0 10.857 0.571 16 0.571 1.143 64 1.143 128 1.143 192 0 20 0.571 42.286-2.857 62.286-12.571 4.571-25.714 8.571-38.857 10.286-13.143-22.857-22.286-48-30.857-73.143-4-11.429-17.714-88.571-18.857-89.714-12-14.857-25.143-12-42.857-12-52 0-106.286-2.286-157.714 4-2.857 25.143-5.143 52-4.571 77.714 0.571 160.571 2.286 321.143 2.286 481.714 0 44-6.857 90.286 5.714 132.571 43.429 22.286 94.857 25.714 139.429 45.714 1.143 9.143 2.857 18.857 2.857 28.571 0 5.143-0.571 10.857-1.714 16.571l-19.429 0.571c-81.143 2.286-161.143-10.286-242.857-10.286-57.714 0-115.429 10.286-173.143 10.286-0.571-9.714-1.714-20-1.714-29.714v-5.143c21.714-34.857 100-35.429 136-56.571 12.571-28 10.857-182.857 10.857-218.857 0-115.429-3.429-230.857-3.429-346.286v-66.857c0-10.286 2.286-51.429-4.571-59.429-8-8.571-82.857-6.857-92.571-6.857-21.143 0-82.286 9.714-98.857 21.714-27.429 18.857-27.429 133.143-61.714 135.429-10.286-6.286-24.571-15.429-32-25.143v-218.857z"],"width":1029.7051428571428,"attrs":[],"isMulticolor":false,"isMulticolor2":false,"tags":["text-height"],"defaultCode":61492,"grid":14},"attrs":[],"properties":{"name":"text-height","id":53,"order":11,"prevSize":28,"code":61492},"setIdx":0,"setId":2,"iconIdx":53},{"icon":{"paths":["M1024 768v73.143c0 20-16.571 36.571-36.571 36.571h-950.857c-20 0-36.571-16.571-36.571-36.571v-73.143c0-20 16.571-36.571 36.571-36.571h950.857c20 0 36.571 16.571 36.571 36.571zM804.571 548.571v73.143c0 20-16.571 36.571-36.571 36.571h-731.429c-20 0-36.571-16.571-36.571-36.571v-73.143c0-20 16.571-36.571 36.571-36.571h731.429c20 0 36.571 16.571 36.571 36.571zM950.857 329.143v73.143c0 20-16.571 36.571-36.571 36.571h-877.714c-20 0-36.571-16.571-36.571-36.571v-73.143c0-20 16.571-36.571 36.571-36.571h877.714c20 0 36.571 16.571 36.571 36.571zM731.429 109.714v73.143c0 20-16.571 36.571-36.571 36.571h-658.286c-20 0-36.571-16.571-36.571-36.571v-73.143c0-20 16.571-36.571 36.571-36.571h658.286c20 0 36.571 16.571 36.571 36.571z"],"width":1024,"attrs":[],"isMulticolor":false,"isMulticolor2":false,"tags":["align-left"],"defaultCode":61494,"grid":14},"attrs":[],"properties":{"name":"align-left","id":55,"order":3,"prevSize":28,"code":61494},"setIdx":0,"setId":2,"iconIdx":55},{"icon":{"paths":["M1024 768v73.143c0 20-16.571 36.571-36.571 36.571h-950.857c-20 0-36.571-16.571-36.571-36.571v-73.143c0-20 16.571-36.571 36.571-36.571h950.857c20 0 36.571 16.571 36.571 36.571zM804.571 548.571v73.143c0 20-16.571 36.571-36.571 36.571h-512c-20 0-36.571-16.571-36.571-36.571v-73.143c0-20 16.571-36.571 36.571-36.571h512c20 0 36.571 16.571 36.571 36.571zM950.857 329.143v73.143c0 20-16.571 36.571-36.571 36.571h-804.571c-20 0-36.571-16.571-36.571-36.571v-73.143c0-20 16.571-36.571 36.571-36.571h804.571c20 0 36.571 16.571 36.571 36.571zM731.429 109.714v73.143c0 20-16.571 36.571-36.571 36.571h-365.714c-20 0-36.571-16.571-36.571-36.571v-73.143c0-20 16.571-36.571 36.571-36.571h365.714c20 0 36.571 16.571 36.571 36.571z"],"width":1024,"attrs":[],"isMulticolor":false,"isMulticolor2":false,"tags":["align-center"],"defaultCode":61495,"grid":14},"attrs":[],"properties":{"name":"align-center","id":56,"order":4,"prevSize":28,"code":61495},"setIdx":0,"setId":2,"iconIdx":56},{"icon":{"paths":["M1024 768v73.143c0 20-16.571 36.571-36.571 36.571h-950.857c-20 0-36.571-16.571-36.571-36.571v-73.143c0-20 16.571-36.571 36.571-36.571h950.857c20 0 36.571 16.571 36.571 36.571zM1024 548.571v73.143c0 20-16.571 36.571-36.571 36.571h-731.429c-20 0-36.571-16.571-36.571-36.571v-73.143c0-20 16.571-36.571 36.571-36.571h731.429c20 0 36.571 16.571 36.571 36.571zM1024 329.143v73.143c0 20-16.571 36.571-36.571 36.571h-877.714c-20 0-36.571-16.571-36.571-36.571v-73.143c0-20 16.571-36.571 36.571-36.571h877.714c20 0 36.571 16.571 36.571 36.571zM1024 109.714v73.143c0 20-16.571 36.571-36.571 36.571h-658.286c-20 0-36.571-16.571-36.571-36.571v-73.143c0-20 16.571-36.571 36.571-36.571h658.286c20 0 36.571 16.571 36.571 36.571z"],"width":1024,"attrs":[],"isMulticolor":false,"isMulticolor2":false,"tags":["align-right"],"defaultCode":61496,"grid":14},"attrs":[],"properties":{"name":"align-right","id":57,"order":5,"prevSize":28,"code":61496},"setIdx":0,"setId":2,"iconIdx":57},{"icon":{"paths":["M1024 768v73.143c0 20-16.571 36.571-36.571 36.571h-950.857c-20 0-36.571-16.571-36.571-36.571v-73.143c0-20 16.571-36.571 36.571-36.571h950.857c20 0 36.571 16.571 36.571 36.571zM1024 548.571v73.143c0 20-16.571 36.571-36.571 36.571h-950.857c-20 0-36.571-16.571-36.571-36.571v-73.143c0-20 16.571-36.571 36.571-36.571h950.857c20 0 36.571 16.571 36.571 36.571zM1024 329.143v73.143c0 20-16.571 36.571-36.571 36.571h-950.857c-20 0-36.571-16.571-36.571-36.571v-73.143c0-20 16.571-36.571 36.571-36.571h950.857c20 0 36.571 16.571 36.571 36.571zM1024 109.714v73.143c0 20-16.571 36.571-36.571 36.571h-950.857c-20 0-36.571-16.571-36.571-36.571v-73.143c0-20 16.571-36.571 36.571-36.571h950.857c20 0 36.571 16.571 36.571 36.571z"],"width":1024,"attrs":[],"isMulticolor":false,"isMulticolor2":false,"tags":["align-justify"],"defaultCode":61497,"grid":14},"attrs":[],"properties":{"name":"align-justify","id":58,"order":6,"prevSize":28,"code":61497},"setIdx":0,"setId":2,